year,USA,JPN,DEU,CHN,FRA
1960,541988586207,47419238274,84310950194,59716249311,62225478001
1961,561940310345,57266758180,96205728658,50056685957,67461644222
1962,603639413793,64987857542,105508875286,47209186415,75607529810
1963,637058551724,74379284603,111822811006,50706614526,84759195106
1964,684144620690,87490590818,122880200228,59708125204,94007851047
1965,741904862069,97338107606,134282707622,70436008642,101537248148
1966,813032758621,113046784179,142781158769,76720005492,110045852178
1967,859620034483,132475614227,144570993321,72881364882,118972977486
1968,940225000000,156897496759,155955906531,70846276051,129785441507
1969,1017438172414,184298841305,177084689264,79705614855,141903068680
1970,1073303000000,217223652719,215838448138,92602634892,148456359986
1971,1164850000000,245364056622,249985055484,99800593791,165966615366
1972,1279110000000,324933841269,299801542047,113689308020,203494148244
1973,1425376000000,441460582536,398374021954,138543170458,264429876252
1974,1545243000000,490035789970,445303484242,144188970821,285553737043
1975,1684904000000,532861438885,490636517211,163429530660,360832186018
1976,1873412000000,598883902156,519754453161,153939265948,372319038514
1977,2081826000000,737069290928,600498238019,174935933079,410279486494
1978,2351599000000,1035611588217,740469983447,149540752829,506709302326
1979,2627333000000,1077910077676,881345176609,178280594413,613953129818
1980,2857307000000,1129377244854,950290856467,191149211575,701288419745
1981,3207041000000,1245221410764,800472055387,195866382433,615552202776
1982,3343789000000,1158731426906,776576439107,205089699859,584877732309
1983,3634038000000,1270859919743,770684323248,230686747153,559869179792
1984,4037613000000,1345824500837,725111123634,259946510957,530683779929
1985,4338979000000,1427019759717,732534887058,309488028133,553138414367
1986,4579631000000,2120083812110,1046259374944,300758100107,771470783218
1987,4855215000000,2580748422781,1298176105550,272972974765,934173305686
1988,5236438000000,3125724434401,1401233225303,312353631208,1018847043277
1989,5641580000000,3109455047824,1398967436804,347768051312,1025211803414
1990,5963144000000,3185904656664,1771671206876,360857912566,1269179616914
1991,6158129000000,3648065760649,1868945197407,383373318084,1269276828276
1992,6520327000000,3980702922118,2131571696932,426915712716,1401465923172
1993,6858559000000,4536940479038,2071323790370,444731282436,1322815612694
1994,7287236000000,4998797547741,2205074123177,564321854521,1393982750473
1995,7639749000000,5545563663890,2585792275147,734484834574,1601094756210
1996,8073122000000,4923391533852,2497244606187,863749314719,1605675086550
1997,8577552000000,4492448605639,2211989623280,961601980985,1452884917959
1998,9062817000000,4098362709531,2238990774703,1029060747621,1503108739159
1999,9631172000000,4635982224064,2194945278873,1094003874937,1493151737698
2000,10250952000000,4968359075957,1947981991012,1211331651866,1365639660792
2001,10581929000000,4374711694091,1945790973803,1339400897105,1377657339291
2002,10929108000000,4182846045874,2078484517475,1470557654800,1501409382971
2003,11456450000000,4519561645254,2501640388482,1660280543847,1844544792037
2004,12217196000000,4893116005657,2814353869359,1955346768721,2119633181634
2005,13039197000000,4831467035390,2846864211175,2285961149880,2196945232436
2006,13815583000000,4601663122650,2994703642024,2752118657184,2320536221305
2007,14474228000000,4579750920355,3425578382922,3550327802998,2660591246212
2008,14769862000000,5106679115127,3745264093617,4594336785738,2930303780828
2009,14478067000000,5289493117994,3411261212652,5101691124285,2700887366932
2010,15048971000000,5759071769013,3399667820000,6087191746679,2645187882117
2011,15599732000000,6233147172341,3749314991051,7551545703441,2865157541994
2012,16253970000000,6272362996105,3527143188785,8532185381681,2683671716967
2013,16880683000000,5212328181166,3733804649549,9570471111832,2811876903329
2014,17608138000000,4896994405353,3889093051024,10475624944355,2855964488590
2015,18295019000000,4444930651964,3357585719352,11061572618579,2439188643162
2016,18804913000000,5003677627544,3469853463946,11233313730349,2472964344587
2017,19612102000000,4930837369151,3690849152518,12310491333981,2595151045198
2018,20656516000000,5040880939325,3974443355020,13894907857881,2790956878747
2019,21521395000000,5117993853017,3889177589255,14279968506272,2728870246706
2020,21322950000000,5055587093502,3887727161914,14687744162801,2647418691598
2021,23594031000000,5034620784585,4278503934690,17820459508852,2959355819170
2022,25744108000000,4256410760724,4082469490798,17881783387001,2779092236506
2023,27360935000000,4212945159781,4456081016706,17794781986104,3030904089608
